,0,1
0,-1.966063041747925,-5.932453249267222
1,-1.0361727229660438,-7.885895896398211
2,-0.6953639534876083,-6.479611474887607
3,4.66280852651157,-9.104172269718777
4,0.20718586681314022,-5.267622820355849
5,4.421696512808824,-8.993507926181648
6,-0.3969744177545021,-5.791651541514016
7,-0.7309553455018284,-6.214683474979997
8,5.801718416391041,-9.668876256993176
9,0.42894063838900853,-5.948621110430792
10,4.781002707017196,5.887786017752486
11,3.387802440857694,4.9029498113286945
12,2.357263423358907,5.446509775931627
13,5.6202134758744196,-9.041725927166812
14,0.3820665365859024,-6.36825389340325
15,-1.564267032945962,-4.444004204112244
16,-0.644704353775917,5.871357234302307
17,-1.8769413523874554,-5.286173142361046
18,4.738590416667446,6.0181300650640726
19,-0.5758955622068636,-6.519487997886434
20,5.67102738559991,-9.762259835457538
21,3.715856411285144,5.76093338537655
22,1.2117924355917722,-7.324611215425799
23,3.643132687397152,5.427123864185603
24,2.141544740937703,5.285839874488645
25,4.987386629114905,-9.443856844747538
26,-1.4041446915966356,-5.080242531920033
27,3.388601037885346,4.713129738315012
28,2.0152366284242778,7.087176187540635
29,3.0650984998857873,3.0814837631264638
30,4.242892204847632,5.05460646591499
31,-1.3821862050543055,-6.433885380049212
32,4.043063924691318,5.430778815790614
33,1.4719860865730139,5.82226274604328
34,1.465185384256006,-4.129981969415062
35,1.772665137679969,3.0750639149011714
36,-0.9138005176712347,-4.492180347699262
37,3.766491327401247,4.665588162112996
38,4.959510243799835,-9.763980713678341
39,0.8454805038468287,-5.935686330865057
40,5.104049373095957,-10.250726743996294
41,0.028621551140966435,-5.9475696899408845
42,3.908898183557156,6.166771823548192
43,3.8179733562810654,5.28695402620527
44,3.427519617574892,3.9512749609304825
45,1.563756203788698,3.7376182585974154
46,-0.9759025872080989,-6.554621369563872
47,5.569082158918566,-10.368996573447111
48,1.2581862967585125,-6.508067505732464
49,1.677017736268993,6.503967825596244
50,3.734444936558111,-8.968510090407097
51,0.2542156267786472,-6.822165859916712
52,2.6104116481839093,-9.475416586493512
53,6.086644416561232,-9.935832904251841
54,1.014348802807112,-7.446164493308487
55,1.049148735830394,-5.768242760287633
56,5.578340286190794,-9.88916118299032
57,1.7039754477634177,5.840248199073559
58,3.9180913781717033,-8.964360349803357
59,6.62931578759511,-8.614401486143104
60,0.4831914435768494,-4.860957812296605
61,3.9841139827203,-11.193811375650087
62,3.8715665293506767,4.667296836974554
63,5.1053901274304145,-9.084066045878398
64,1.591237968662672,-6.340368031962425
65,5.323654579419809,4.491157886132647
66,4.005532350180685,-10.26390778743201
67,0.6694403135634761,-5.184896846531198
68,2.5963596918061684,4.311840322493039
69,5.209887933470967,-10.764165515128106
70,-1.2415791715847622,-5.501398242163495
71,5.859439055288517,-8.381923638999758
72,1.3838399972317597,4.001878058514099
73,2.0678607260172934,5.260008570227043
74,6.82423225116179,-9.46029423773359
75,6.5935812337390365,-10.156937826099737
76,5.864778104504611,-10.367304207123308
77,3.0234077047490704,7.424082454607349
78,-0.08433459580189342,-6.856666603519239
79,3.4278760791685796,3.6631215446051186
80,6.910949867171501,-10.664765898597246
81,0.8962471827214387,-5.552124505226756
82,3.914077058803547,4.878664332434495
83,3.7106188881472804,5.021743551013988
84,5.378371540105499,-10.065748352943993
85,2.4501986280232915,5.5379501157402045
86,5.7798904791387695,-9.792240498533408
87,3.050361703952561,4.469418269684852
88,0.21074211956052302,2.564846078979532
89,-1.2196826879415497,-4.570684608581387
90,2.3100832791724506,5.619306064870474
91,4.295937578195579,-11.526260693834399
92,-0.11547848891270242,-5.703921396543512
93,5.3153324227076215,-9.623842145908284
94,2.5148479688901166,4.519762471611116
95,6.394223281486111,-10.45948605750437
96,2.8058825642517102,5.396268389382452
97,6.181712823287095,-8.705475322254308
98,2.41929797669569,6.230957490967
99,5.482748644712489,-8.119306007725733
100,2.9183936817656564,5.228065454862072
101,4.164823126335187,-9.80422127681497
102,4.786450261106421,-9.271130491252965
103,-0.5594564296950966,-5.437762014826694
104,1.0525812462435102,-6.212160689333972
105,5.2765067197403095,-9.620289075119418
106,6.290931337461869,-11.682752886085716
107,0.8233751228697229,-6.2346820503606475
108,0.9406432764485764,4.102275933582446
109,2.474644195084024,5.100723812233009
110,2.1706882564093832,5.0437712594213515
111,5.643678010452959,-11.579354782553027
112,2.8864938269454057,6.094108455035707
113,0.3568513369418897,-4.451603947161981
114,3.2525977542979017,3.9157421233026364
115,5.654230229180127,-9.335782354925636
116,5.633742432725041,-9.730025550137048
117,5.590317118013352,-8.755448528414728
118,5.619348849504046,-9.580936100824031
119,2.4788621663154524,3.229341808276498
120,5.997106320352229,-10.09783620516338
121,5.280072059850517,-8.526524370306038
122,4.461347194818156,-8.556686934829266
123,1.6102579775895218,3.950935614107027
124,4.868561441382182,4.273433865578825
125,-0.15029750292387578,-5.623122333869534
126,-1.7387448383508486,-4.934920846181289
127,0.9551670162786462,-6.2833251368703475
128,5.002201444544401,-9.635810662909542
129,5.559550362205977,-8.382217138842066
130,-0.7573241815793692,-4.231342877514935
131,2.1452266161516054,-4.995443241885698
132,2.3571393442910744,3.6871418396031146
133,7.071173997208291,-8.86153181619629
134,2.142962134261882,5.631674641733889
135,-0.9032162713957432,-6.301144043249073
136,0.002370472788713149,-6.77438159903891
137,6.527549068479244,-9.212838467406394
138,6.583101795443183,-8.975678746529606
139,2.4099985613161286,3.9726897070864977
140,3.0799243926923014,5.412612609575191
141,0.5747974941585949,-8.005378094967586
142,3.838032049379619,-10.053691726096986
143,5.0864642433339,-8.847782031691347
144,2.267338104718682,4.865195288249276
145,-1.1689113111799638,-5.134671149511028
146,0.8337901198086421,6.085458967552332
147,6.133243320086554,-10.372229939059157
148,3.4530110079767526,6.034894672483427
149,1.6144662108089283,6.352875992661881
150,2.053018798754204,6.194137760009324
151,2.665135482950646,5.34134389207909
152,0.9088083387421516,-7.050452095800129
153,-0.4180797432697779,-5.110495918881586
154,5.575373566311807,-9.269849844590302
155,-0.10045207810969334,-4.701216167241991
156,-0.6646199851889066,-5.737522193280238
157,-0.3088341068825676,-5.167095221892206
158,7.668279367878226,-9.831448133409115
159,0.3142083652449103,-6.061721531723786
160,6.5501041187443425,-7.912338799504142
161,3.3789247426613445,5.699064483324708
162,-0.20299584495314674,-4.323986333678906
163,-0.7885847230695446,-5.25873638136854
164,0.054149396721402177,-6.108217393780658
165,4.94431972649944,-9.495373400222453
166,0.301731480716592,-5.037976450457163
167,2.7023654926302325,5.137890436921991
168,2.7598379670743087,3.196280821701013
169,5.838015277397762,-9.297150578517241
170,2.8306896757346176,6.409714177008569
171,1.4752033081553841,-5.978117347001502
172,-1.7830923898365338,-5.18398330271234
173,4.621821723064965,-9.797658651522482
174,-0.7161337764244879,-4.925108593177964
175,-0.5218820412404628,-4.60746855871711
176,4.381280327820482,-10.382969830484214
177,4.853563533767162,-10.545966355862054
178,5.499695874261649,-8.411228599389167
179,0.4717767820917639,-6.4314291874377405
180,3.465204181792726,4.184975697674142
181,-0.1074714498790147,-7.349393455622023
182,4.4418262173184155,-8.09898159877306
183,-0.9122242907603775,-5.584347669745944
184,7.328716906966923,-9.305355620631959
185,6.3189768968504145,-9.573938316036172
186,6.373538943510107,-10.607271705089365
187,-1.067266789745105,-4.660188519735712
188,-0.6817003607381424,-5.533289130408102
189,6.454253255401749,-10.38785064124999
190,6.644561715685967,-9.64148173589456
191,3.2383509474493035,5.6255236862568285
192,6.682885129090074,-10.316930514813178
193,6.253411487997185,-11.539473132813475
194,4.222759373740663,-9.375121870940227
195,4.302658662358203,-11.442319178601888
196,2.933494053743651,5.17425756514873
197,2.527990181621947,6.417553526836632
198,0.10496037667094621,-4.759603667476674
199,0.9372597296508168,-4.687676229828357
200,3.0110240432373914,6.0799505540152206
201,0.4392188783320898,-7.288144713134219
202,6.312187722939816,-9.320566321181259
203,3.0722920721443248,2.4646085517147744
204,2.3958943063987546,6.966083163210167
205,4.8121080189973835,-8.747879237439166
206,1.1551684733543814,3.054082747166097
207,5.201316014990319,-9.514806639038495
208,1.6985288315611085,-5.737809687858665
209,-0.43062772115347264,-5.848081739523922
210,6.70146196626827,-9.913793052811997
211,5.719353590166886,-10.055768264297487
212,0.6108423265314108,-6.761269861515549
213,6.555198018444797,-10.282771043283685
214,5.615832707624312,-9.540186327395022
215,0.8316548026151938,-5.277114618334106
216,2.9883490063383653,6.113877117723982
217,4.851495201282473,-9.945132147241422
218,3.061542718497664,5.18986237049749
219,4.186216924620464,4.833744062532839
220,0.4006805246507333,-5.9077514293829125
221,1.2615048742536945,-6.072609605923861
222,1.9680538050517316,5.838103500009262
223,1.2141203222167178,5.453726595036195
224,3.0826800948517237,3.5480901402151863
225,-0.4766473946091468,-5.319882643109674
226,-0.05656553547031215,-3.2975052233435127
227,0.6197106566827749,-5.924166731803307
228,5.823138858426551,-10.161077873686516
229,-1.342740636163533,-5.260194946376695
230,4.156593273532036,-9.261571083090304
231,2.612365140168394,5.193305867462354
232,6.696104147008212,-8.187623036194633
233,2.8298368114410213,4.85628288324129
234,2.465041654184309,-5.966514610832256
235,2.5999977616814633,4.033684523675298
236,-1.594695163117403,-6.661092596488698
237,5.186456566506014,-10.280017658219306
238,6.6626181915217355,-7.119635930750494
239,-0.006436536681235255,-5.286037953632256
240,4.04633819704071,5.95099770224858
241,2.3640702925825128,5.693655907952158
242,2.165434705080039,4.61703382748726
243,1.272095557935964,-4.909706255359858
244,6.005461315515779,-10.044886560707774
245,0.7754471741760537,-4.284642251592733
246,4.126983040957258,4.435821229352381
247,3.7803008472736934,3.638288599802924
248,2.7118817159786306,3.544443559478586
249,2.827867504415301,5.576754428140152
250,1.8490119822260658,4.673958166316942
251,3.570227384723771,-9.80773471191497
252,0.36538977032531195,-5.9981452375207605
253,-1.1036575821698567,-6.244575448766023
254,-0.8245326846894158,-4.85058952205331
255,4.933905401930307,-10.336581453734409
256,5.437194294333549,-10.491207833535814
257,5.522176102072637,-9.135939282118146
258,3.7762959563588803,4.384058929415436
259,2.1216221304596603,4.9105752385593275
260,-0.34467704369998436,-5.76920486127381
261,6.339897179110522,-10.581967222899731
262,0.08793317134072108,-4.565348773381288
263,2.307425130714209,4.42191363020374
264,4.478210275993758,4.902054426804431
265,4.485703090342082,-9.638555514535067
266,3.3447056321030497,5.151217150352319
267,-0.5126071712206512,-6.485492569644362
268,1.5170386134552496,4.218737799213941
269,5.087272619271484,-9.272791076498748
270,5.702195288323299,-9.974242554931282
271,3.981451853042346,7.638655124603341
272,6.440397496084609,-10.555158835788212
273,1.1501189456419647,4.197674050782879
274,4.346715481376071,-9.70803084132211
275,-0.07630461860957624,-7.113567459206836
276,-0.5738153915189217,-5.351210127016234
277,5.490732265088932,-9.751366384325706
278,-0.6638253482895292,-6.432156403482261
279,3.1456041270997788,5.051736570686084
280,4.248074933231389,-8.8437736073038
281,2.197319564322948,5.768267403467763
282,0.616862092139913,-4.194316031014063
283,4.963873748081338,-9.3664021808702
284,2.6110484858103993,3.9172293587945797
285,0.27903228404267033,-5.949594201954527
286,4.303308830110536,-9.97368895966678
287,5.7587628148664365,-8.449987839730063
288,3.241131776336619,3.8066099797614195
289,2.9852346746463647,5.132793238204423
290,4.877850396509833,4.523988363855421
291,2.897192138061465,5.80959233894682
292,-0.37900787837694544,-5.397925367960658
293,-1.263676903055978,-5.571238195470005
294,1.9020776793201477,5.347358483407169
295,4.401659898289635,-9.424561849869411
296,-0.8718338451649738,-4.611839533228407
297,2.1046495283264504,5.98527369043122
298,5.930339766545273,-9.3966297982303
299,3.791468729212328,-9.150023738218604
300,4.247558496171469,-9.734093719417642
301,5.194230609390829,-10.086689912406838
302,1.360573291881448,5.4714261581908135
303,8.09809795424708,-9.520515512743911
304,2.4988478952120694,5.329968528825621
305,6.073171202622631,-10.258462826831636
306,1.1479304084211577,5.433969624631255
307,2.778901072049546,3.7380601233571955
308,5.452509393471621,-10.55466668561677
309,2.3282973961384115,-4.464052503998336
310,4.841957708709551,-8.982938742058257
311,1.4088078809839073,-6.507671805459507
312,3.150562348762946,4.186598510859031
313,0.46867931269136714,-5.736268717299022
314,3.448684584677012,-11.328333308710878
315,0.7104461811416856,3.679215525001821
316,2.805132847988174,5.922376315016037
317,0.6717289441432521,-3.5577091960079343
318,-1.260001671624261,-5.868978846518498
319,1.1217839498881381,-5.719586472547627
320,1.0374583584235098,-5.268705624374783
321,0.02286371865473693,-3.975403516445459
322,0.3115935480425313,-3.5435504384832717
323,1.1679379508372114,5.453223299296077
324,1.9230686687226353,5.791299674059
325,0.4622102868061071,5.2328674857917505
326,2.4903557605473297,5.187525509891869
327,0.5304614626457659,-4.980187058438492
328,6.36891327427506,-12.564557783873104
329,4.886533794002218,-8.876800992885366
330,6.8096450948704375,-9.238727897460787
331,0.021696733629500246,-6.610796957510472
332,5.652539214584368,-9.700841743402911
333,4.0507881590833446,6.160632441846403
334,1.7941531890386597,3.595861975991069
335,5.94175811046611,-7.200836389778084
336,-0.6938135422192627,-4.302007955102388
337,0.3155159993349229,-5.095130889318523
338,2.945682515391593,5.102333126363189
339,-0.3570640596993429,-4.049992470527862
340,-0.19082530228882313,-5.817565845182003
341,4.077387496038494,-9.084824161866663
342,-0.724015364367985,-6.84494939297466
343,0.17497283446803208,-3.520825503144298
344,2.3873290515696075,3.82954577497924
345,0.8451166735976476,-6.081037407208295
346,0.6766989000344923,-5.427029478937705
347,2.103413005225718,3.7411442733012112
348,5.888798416058724,-10.804816546612388
349,-0.24443821463776944,-5.698855838531341
350,-1.996064506804474,-7.372842202946783
351,3.9113371859848907,-10.123679544589297
352,6.046667366848388,-10.653528721279853
353,3.4086942126605027,-9.044420299710707
354,5.209277970945045,-10.460383389615897
355,-0.11121318686327714,-4.660922184384861
356,3.7221951699645155,3.476915068709565
357,5.960637827602043,-9.580858974253232
358,4.85329950377533,-10.905408558703426
359,6.766339175292472,-9.5556513018688
360,1.9836618874917593,-5.586665443916934
361,2.44849792865656,5.0478159564419185
362,7.244195474049259,-10.141008354453273
363,3.123656380787308,4.666642025464257
364,-1.011624620996217,-7.107515026385198
365,5.960297674645794,-8.840986609026046
366,-0.0459826405815035,-5.111842002953668
367,1.3822973806261916,-5.040447358778907
368,-0.43593598320816773,-6.903318556359609
369,0.2964414654898663,-5.355231296977527
370,5.360565017623718,-11.716673121293574
371,3.513330855995165,4.750878813088063
372,2.6689925787983304,3.4956677089926513
373,5.9748409316307445,-8.981761962581379
374,-0.9094852812274603,-5.667571737503399
375,1.844553999030389,4.350776102215217
376,1.7804935825272463,-6.895199146191417
377,-0.9012392368330121,-6.471890745340277
378,-0.9831395916893725,-4.981503146801076
379,5.826622853587267,-9.9225933498975
380,-1.0425438000065175,-4.342964389061623
381,-2.0794702807763863,-5.094373763853888
382,4.472880447718445,-8.996920419003109
383,-0.34190954103658217,-5.085622474532823
384,0.3303954786856166,-6.499548135048798
385,2.0145244832431426,4.497043085179654
386,0.8168151694576216,-5.354611594781189
387,1.0086397933896976,-7.751737588117693
388,5.1661729797626865,-8.770306493420108
389,4.684588026564511,-8.479385876653904
390,2.3976576833521785,5.214894893211171
391,1.282314118328252,3.602834977811379
392,5.196466221560197,-10.714512207245761
393,2.544060412615205,6.891730239690485
394,2.020703339983363,6.398930996023108
395,4.862907194138776,-8.730132256499303
396,0.02047087073901447,-6.189135358644345
397,1.34759882677761,4.994625786557932
398,1.7099073382271954,-4.956741392105779
399,0.04132561649167538,-6.599003075687511
400,1.1085819289285253,-3.9272215966853588
401,5.377582353996166,-9.19161979573023
402,-1.2061587939932263,-5.073416095732538
403,4.754389428866573,-9.479148930016214
404,1.9211927969618343,4.542304968702543
405,5.96181424756318,-9.034116311703416
406,4.442684741301402,-9.172428297150393
407,6.511639938991015,-9.228021945806328
408,1.8891893670865,5.7413249586451345
409,2.3538850195615186,3.5146640084601692
410,6.7709622887008605,-9.091445695563682
411,7.41149745676065,-7.840146864472668
412,5.020683337685827,-8.803185822436355
413,1.0726926064684297,-5.093128672305159
414,-0.34899729337124985,-6.811426159102653
415,5.989334658090426,-8.957510044188579
416,5.0933117031970845,-10.376351783779414
417,0.3293957335667138,-6.020597275919354
418,2.521987646474689,4.994000841666141
419,1.5142470381092408,5.415810324975787
420,0.4090756174283839,-5.92162133675769
421,2.3648723067609283,5.36011543627095
422,6.080075179664838,-11.761569647464972
423,4.590904361364668,-9.374510284432583
424,4.790443653752082,-8.47545578435321
425,-0.6039138259049492,-6.327565739987643
426,5.159095676661351,-10.134270026917449
427,1.1256525300486118,-4.804552438478414
428,0.7437643079633561,-6.243614034030617
429,2.1463566644781853,4.5202957492919795
430,2.2565160809829323,3.8323012479639145
431,3.4912515296391176,5.176578347178435
432,3.1870346431441194,4.7414101891552
433,1.8785148596503445,-5.584592904550472
434,0.0005480009833769457,-7.282900249138797
435,3.7459669463284397,-8.908252817317656
436,0.6238088441701066,-6.203392719902247
437,5.618985704525139,-9.149510624300722
438,-1.800199060886269,-5.554207724939741
439,-1.746675336371232,-5.335635120284769
440,6.130291586171577,-10.18994873073358
441,0.6926446471696951,-5.387189999907308
442,6.643594424478806,-9.40231363424292
443,4.7193414182677556,-9.038296175277436
444,-1.421793185701894,-5.018663872763165
445,2.282746834595441,5.618528275206256
446,5.140410857675265,-10.44771931220898
447,3.4131167373622984,4.267787712189065
448,4.503503600485973,-9.115209578728926
449,-0.4547804704728784,-5.680509012099928
450,3.1559808283439788,5.952983681459038
451,5.390030327532704,-10.431977265856824
452,5.452220456841427,-7.383994575170183
453,0.019932611214527524,-4.483085161311839
454,4.198816738686004,4.577805397179192
455,-1.848036159104455,-5.639590920513023
456,-0.6644138210167995,-5.112202606067378
457,5.293839272683414,-9.875206821424435
458,5.646909764281665,-10.95807519746706
459,6.211509364394116,-10.072685429759144
460,0.6949700369574279,-6.067053144147959
461,3.973233753471632,3.8299818244341317
462,2.1915701468967534,4.165165840145494
463,2.3296194496327187,4.435713319415134
464,0.3912921390149406,-3.1769312527159403
465,1.3987962917339585,5.468245399786949
466,-0.7248542403101212,-5.821249362906902
467,-1.3284615416225725,-5.827478806918444
468,5.210622973004398,-8.59588855531253
469,4.486979505572368,-10.074298229696621
470,0.11772130050038174,-4.040543734886757
471,3.519805984723725,5.1327294077495065
472,5.700585646095026,-10.099870935283223
473,1.4232328024600152,-6.4812676746184135
474,3.0925787224974903,4.660745371189933
475,-1.4006960450529478,-5.711794702549086
476,-1.2777728164288344,-3.944406621472671
477,6.614729619319563,-9.830706400360349
478,2.6940079195952085,5.132449172588662
479,5.691924451027039,-9.476412487097
480,6.413010682232917,-9.55673364551285
481,-0.10156013976566299,-4.872228261421272
482,5.234890811835669,-8.790263385086874
483,-1.1017077019947197,-4.765673726564288
484,5.950953601167094,-9.051471991362666
485,2.3532937325337566,5.298470157589927
486,3.2439720642338328,5.230147106910764
487,2.7217074090391904,3.885899067570694
488,5.430704296268953,-9.759561223404912
489,5.103211632861914,-8.920815405883642
490,2.075061089351714,3.5431069874398258
491,2.51687111609952,3.0844322541005873
492,2.939750713509276,5.502092343715383
493,6.614330859733185,-11.351126013334158
494,6.221098139671695,-10.078101754252915
495,-2.2754171171574393,-5.385324651668772
496,1.7793247459528887,4.935065145869313
497,2.6471062768273907,3.8517354304213858
498,4.977633726083185,-9.097265074634885
499,2.267627324146087,5.692866027043087
500,3.44443444842075,3.3074449848373075
501,2.799109565091288,5.601659592820312
502,0.33194692584396884,-4.900786135048271
503,-0.8577655306544685,-3.870793604095691
504,0.5735047301511165,-4.73710776923417
505,-0.4927615038094776,-5.265686180545716
506,6.114317590996444,-11.118029731102153
507,1.1519092957377466,-5.173458142678928
508,0.18231345112730613,-6.248383433409062
509,2.9123176298360183,3.7689403477911068
510,-2.533526394023714,-5.935660933874465
511,2.5646047156621283,6.469310980079969
512,0.7551391215934382,-5.936350439876683
513,3.329028725336931,6.714163666516176
514,-0.46875857568912443,-5.2808264114202625
515,-0.2155533868683888,-5.933510324140845
516,4.721792860867325,-9.938723743513826
517,4.998109457655234,-10.340376846622387
518,3.3202501843160563,5.125642055919314
519,6.21112351102443,-10.481268679867025
520,-0.3179141302434492,-6.351976222725658
521,5.495214336077153,-8.172896708388325
522,5.1913306355259055,-10.845788818466112
523,2.539164276078817,4.916306771065798
524,3.5794568622705203,5.975332143670107
525,-0.017501562075358287,-6.050384769217066
526,5.804165951300261,-7.970553038666505
527,3.9676937045567535,6.485450609318154
528,-1.017973420944121,-5.798045900252843
529,6.97157462525178,-10.276648666936534
530,4.873094437738455,-10.691084249094846
531,5.172854847307759,-9.392838719717776
532,3.2882846435256363,4.631528873694957
533,0.11949175769347509,-6.096912009912526
534,1.9314754636458984,5.769818898993832
535,2.5294222589044315,4.893597089525109
536,3.7700855277885466,4.437500282346179
537,2.1735444526422025,4.705059750543438
538,-1.8173391897973494,-6.547163497130965
539,3.2841944813930772,4.772474571911738
540,3.790826247325758,-9.340162924265984
541,-1.7954530053185729,-4.289953538313165
542,0.037133867602551426,-4.868259351934492
543,1.647722986991209,-6.08763528157544
544,2.3314530589266633,5.045851365161537
545,4.289810653503875,-9.449824134363334
546,6.526542239348248,-9.020608486425852
547,2.2060061302627196,4.081932880906079
548,4.713613428507859,-9.845820491366146
549,3.583897086942472,4.0806024148620175
550,6.185884196467794,-9.618888012489052
551,3.944785322419059,4.8565246678711675
552,0.10575995009487296,-5.719410814430197
553,-1.4056426729903377,-5.76068305644989
554,3.718134203603297,4.896142413636423
555,-0.5664140205528954,-5.342806876813421
556,5.402504422734199,-11.142503484842965
557,-0.9788381930022853,-5.6053947865574605
558,2.9660270745087107,3.565246223779673
559,1.1696745811572262,-5.025377835680925
560,1.0927269734770646,4.046413426849888
561,4.431437623068291,4.422968309958414
562,-0.39662646292310494,-6.935433194341865
563,7.100488410926131,-8.421237312643601
564,2.5430976080515517,4.682988711528421
565,7.830738471272269,-10.324317751320642
566,5.345290681517973,-10.114257093811458
567,7.7455401829624,-9.276293339624177
568,2.564091153229074,6.79685830447945
569,2.3452649999579314,4.417195757290747
570,2.4317258817900846,3.0591910568180323
571,5.3514639972029325,-10.10673746099796
572,5.063913682179279,-9.706866703973859
573,0.7024589299443086,-6.547989455320318
574,5.69946218543023,-11.203531760627765
575,4.419844303538911,-9.842494637613436
576,0.2583045420903392,-3.9358873950944995
577,3.2331250751427443,4.598759569007858
578,2.8562831163975817,4.964589154504097
579,-1.1706304487909251,-5.890261608226384
580,4.395804652442425,-10.942658572850787
581,8.106323173314234,-10.688483144073196
582,1.7027014329562635,6.157429482560627
583,5.55912116109487,-10.061103027739307
584,3.479355692329642,5.725625795369762
585,1.2753764158021814,5.061969737719905
586,1.3402394400068085,4.768507725746373
587,0.4259103520310093,-6.03724016197617
588,3.8310610627210226,5.975838169658168
589,1.041341833487644,-4.599821056786585
590,6.448928972569055,-9.418150745792238
591,2.5743484059050545,4.765055457526712
592,-0.632569559678423,-5.451800589970082
593,1.345375538440984,6.4810975783228155
594,4.052302828388702,4.504483037244606
595,2.3411369499453647,6.416775052650792
596,-0.09336332271776684,-5.023499626427991
597,5.364500835842515,-10.338853973559669
598,0.17969127262946874,-5.63954553705813
599,0.7881145261750304,4.2585654347706905
600,-1.609112090861976,-3.5899663600829985
601,-2.0650999376397023,-5.794473327281987
602,-1.917861420381983,-4.976254830580074
603,6.045361789729346,-9.10772670970077
604,0.09701361803935213,-5.927022226166793
605,0.24311880706768785,-4.697559486124703
606,4.656001208024344,-8.460719097207015
607,-1.8058641677712493,-3.4455397298091675
608,6.433274003959742,-9.879387020201913
609,1.5165010457833852,4.590616748890819
610,4.6040452675042545,-11.171512773659819
611,-1.2056699128641255,-5.0109526118210965
612,-0.9294815880469633,-6.533366586379897
613,0.9887394856126657,-7.17058932113298
614,3.87910747441739,-8.24015450218374
615,0.12548594033305113,-4.379234024357739
616,-1.524079389044705,-5.799965029974951
617,3.737093344559366,4.954812732061677
618,-1.1509332949951057,-6.352471637811934
619,3.9272224395542352,4.085801071775254
620,6.384124105022606,-8.76974033138355
621,5.282046102307955,-9.985099364797698
622,6.9146312574129345,-9.444714146006895
623,0.7022145129328202,-3.8972379261477856
624,4.7037921318288,-9.50082145742022
625,-0.17114389859583648,-5.505358019955227
626,3.221142211694706,3.8243571549621955
627,2.7631375624705408,4.938629031185235
628,4.937804609786214,-9.677942554402058
629,4.3440311905510285,4.624837671475986
630,2.1241161383171034,5.91797223136291
631,5.035430680028516,-8.329787281102398
632,-0.08956235522972332,-5.996930108871812
633,4.186164233189358,-10.638076986275522
634,4.079071392560012,-8.525432686727525
635,0.4634346991352008,-5.271810090242513
636,3.321494113567221,4.9516491117856285
637,3.8725940960534966,5.357682252413442
638,5.937127276732782,-9.17066337161796
639,5.525562081170163,-8.186964635718395
640,6.865666593833039,-8.202814387821906
641,2.3754345009947526,5.324223096135964
642,3.1546695378615897,6.610580325250358
643,1.56703439586806,4.404887771468212
644,4.433780381175278,-10.267302486340764
645,4.535225943206239,-10.367648759803302
646,5.017143664724311,-9.832436285879592
647,7.411798611424308,-8.137795412143747
648,0.33979066787646195,4.9091280665981785
649,0.3212523232540562,-3.325623500027619
650,0.7167932289729997,-6.173568544756452
651,-2.1631485031376267,-4.757324443768338
652,-1.0388165221605048,-5.650657269728116
653,0.9314996537192788,-5.65691733378518
654,2.120729421947629,5.8137145712080365
655,0.9910283591026772,-5.15225966033039
656,0.2247049355717302,-6.74179226398152
657,1.1582774523361812,-5.5612123060129255
658,5.130429012395707,-8.736752403790314
659,2.085701872713077,6.4880315006762785
660,5.878480093908032,-9.290891754950088
661,-0.09500698261724225,-7.169814232146349
662,-0.1342035430116183,-3.4036860332522223
663,4.251517975161153,6.172257721284195
664,5.0249400459631985,-8.242781728556945
665,0.6858605491393392,4.335245358251538
666,5.772764441948774,-8.642596515355159
667,4.393351568828674,5.125499909500104
668,5.431123409793902,-9.437927072928053
669,0.48201790750109086,-2.710901327651904
670,1.8550283223740411,5.185448740134667
671,2.1014744925552926,5.266499907178708
672,2.1233170780726294,5.163534092463685
673,5.482727594789022,-9.039176547524553
674,0.727448338581391,4.853066595451791
675,1.6561154393025945,5.461677421160959
676,-3.1425046975538256,-5.721079774257954
677,2.974537487464708,7.094669086411535
678,3.8567537128070244,5.659484911344631
679,1.5585557761319273,5.035228677657869
680,6.0477488392254,-10.305046573530866
681,5.741166644146653,-7.117309956377367
682,-0.04875906379364167,-5.439588872777257
683,-0.35197677184934467,-4.001095076522801
684,1.4652954580712292,2.968102458154925
685,0.7405592164559733,-6.431974590521294
686,2.148790875225595,4.557503627661353
687,3.131309536372296,-10.780890324275488
688,3.1424609045922782,5.751731872437374
689,2.51844292380024,6.806224800952282
690,-0.14209660924377499,4.154699348515692
691,4.106866128669883,4.040168152031577
692,0.38731544681710556,-5.3911995046898795
693,1.0465178821163712,3.5172882296690435
694,6.674562161371263,-8.852235242585387
695,5.138783451684339,-10.944271585917969
696,6.406486993336902,-11.98053302620377
697,3.715341668180655,-8.97266370031342
698,1.0101182037789662,-5.994706609964322
699,5.583427848785692,-8.226171873828676
700,2.568087914559031,3.985653761737277
701,7.083129489813211,-8.917071403978527
702,5.543888526361558,-11.49241790093637
703,4.740197250455805,-9.037017085971303
704,3.6020759940688603,6.358615137493636
705,4.891235693199993,4.8699597185977455
706,2.0521103665542944,5.704571115397052
707,0.23875602363551263,5.010958108556561
708,5.487140688880318,-9.608002201185219
709,1.5923682020710526,4.740030298921502
710,6.5061435431306265,-10.047801898408238
711,3.2869427370227133,4.858864178895053
712,7.501461534946138,-10.175147543499193
713,2.5562031357669923,4.506218996247155
714,-0.6869848415332872,-4.904065965656681
715,5.8288819588233665,-9.957722429248838
716,2.5924195303939346,3.7552353953584316
717,4.568890350295232,-9.949239099061648
718,0.25017936400608926,-5.994049670022544
719,-0.6358888303255715,-5.313594474936584
720,-0.6705926970615914,-5.419331261052124
721,-0.562963182782109,-6.905644432294922
722,4.534961463301277,-10.161854354299418
723,0.9888872956144352,4.872514146985364
724,1.4578510993571394,5.507638890558723
725,5.930684342448379,-8.780693655120231
726,1.5382693757101864,4.168281325042774
727,2.5126076305224414,3.961738474636804
728,-0.8703201537303573,-3.6764568818336376
729,-0.874595551357122,-6.309676638584144
730,3.5849743354898354,5.31140960841597
731,5.59670756014351,-10.34279066516289
732,6.472595722143184,-11.003517042035364
733,1.923717463232247,5.662926056761204
734,0.6734113169227316,-4.707864477382497
735,3.2428982408781604,5.5852880585202005
736,0.35333146359923107,-3.398458252665527
737,5.911415493482199,-11.243565719385265
738,-0.22734537902176036,-7.8808248671420635
739,0.5521072056849798,-5.79776109066362
740,1.690901423892218,4.725616831623635
741,5.595166474087269,-9.63495819098358
742,4.157397339235342,-8.83008494208543
743,2.5335447371508417,6.151585193598603
744,2.7949071588501675,7.293634725667313
745,5.69248302933547,-7.199993682100873
746,7.821116530219454,-8.66750207530154
747,0.3926498048261965,-3.281715196563881
748,0.5235366763741904,-4.676204482247315
749,-1.5879574787030053,-5.858601811475905
750,2.222011521005289,-8.122250020143465
751,2.2729367156576585,6.10860313790454
752,2.5423437757534177,5.469062855552386
753,-1.863142161376262,-5.219767681622339
754,0.4725460535056496,-4.892644277923832
755,3.1408766924766205,7.300126396215372
756,-0.8895293433013024,-5.232496703439909
757,1.3992996023226159,5.216285077482344
758,3.9952943979346,-10.8484578763167
759,2.782397954308055,5.191355585791504
760,0.30124106755866176,-4.492161248937574
761,-0.025643029428960108,-3.535022895078808
762,0.3233331396294272,-5.3357369260545715
763,-0.4951529546150925,-5.675484423653765
764,5.4600293999178495,-9.951537003056586
765,5.887301317733785,-8.922587001087336
766,1.2323923970492852,5.06106052261734
767,1.136569489753544,5.610226715552216
768,-0.938879584788014,-6.121004478158978
769,3.015691097287608,5.848707816185142
770,2.8439782424807762,5.034833030996247
771,6.534121100117569,-9.34041703616398
772,2.4653050947219626,6.139663446064106
773,2.206980808910577,5.04384491397309
774,4.74329046425868,-10.243978321147221
775,0.6353124009968772,-5.9972901413764514
776,6.641195515415092,-8.576678046106746
777,3.260814370780894,6.551419735684169
778,1.7220157112299144,3.8604184998701614
779,6.156920312474449,-11.283362503973883
780,4.200576884596865,-9.806754149211464
781,-0.18550944410207837,-6.451570225627114
782,5.655042995459579,-9.139823399981623
783,1.2167409925695603,-4.979276630078022
784,3.014352352451294,4.939110119630442
785,2.7741597831724074,4.869274889507396
786,6.734885946198397,-9.389947733578877
787,4.802793857057104,-9.948147214239139
788,0.9769230402661082,-4.675452258630325
789,6.268637603717575,-9.38138021548449
790,0.22165709704160746,-4.246467798196636
791,6.351160499846841,-9.349716247816396
792,2.009213773863956,6.257651491406933
793,6.347733296516149,-10.157848234589487
794,5.400507528518733,-9.295866809008036
795,6.138371881854759,-8.666691861332554
796,-1.899127932251571,-6.194296933999731
797,0.9615738884094701,-7.010058776542605
798,0.8188094196513204,-5.443108468818403
799,0.6698867956481167,-6.119138154344835
800,1.078470749892936,-6.11688878687783
801,1.6285815519106777,6.0039165795946925
802,0.07811054344457641,-5.312281425741033
803,4.497633654297773,3.296132268187895
804,2.6460420591783214,3.40862964455106
805,-1.4575294489550104,-6.384354815703944
806,2.2588452012052853,4.847263908688958
807,6.3107804688274625,-10.971783547423112
808,-0.1887086724699613,-7.033838483479718
809,2.442572485230888,6.846065475205424
810,2.7277421004612257,4.441270654971917
811,5.991565534991547,-9.73238127053899
812,5.189408680811439,-9.527675862655952
813,-0.17276529199132026,-7.551540953299835
814,6.954263984733297,-10.234399383719087
815,-0.1488231410482153,-4.769105740049853
816,-1.2095987854133938,-6.04404058147095
817,4.598902852458618,-10.413432229708809
818,4.010659654585532,-9.490252701556638
819,-1.3725938457954348,-6.97183144568228
820,5.684023600423308,-8.272038265833539
821,3.142656682240251,4.636755533239652
822,1.8286222229519313,4.394471983873247
823,0.6832636258492132,-3.5138419114414248
824,4.5946136625352105,-8.991771781522521
825,1.1569933871515892,-6.615233925390842
826,0.44656422696165254,-3.962533709884802
827,0.2029365924581637,-5.204891694227819
828,4.838227187557912,3.852164159730025
829,3.3750260501214195,4.332811097620858
830,6.1830347230630975,-10.314360235283221
831,2.3005489527605962,4.0087515611606355
832,-0.6439129155622882,-5.7987760881839625
833,0.9974401825200532,-3.7091188457124677
834,-0.4257439083534161,-4.4208822383519335
835,-1.625617396408011,-3.0477592659691837
836,3.449357103106556,3.911454046780465
837,5.04093604862887,-8.024752231844737
838,1.587386060052432,5.927823614887221
839,0.23999362159555843,-5.661134340630502
840,5.929602046971408,-8.390610410348724
841,-0.6025886777208224,-5.229291976637087
842,3.0255776557785357,3.7629773907288016
843,3.023489391293287,4.329421370847022
844,3.4352770466174185,4.294520171778815
845,-0.9565936237331,-5.210573261335279
846,-0.3314906553359777,-6.061968296388173
847,4.955012782371231,-9.235484604144604
848,3.0421807098222646,5.880851572030053
849,7.289364532655875,-11.56859751046094
850,0.9256189708206236,-6.539349146077244
851,7.651462504158114,-9.467779592617488
852,2.649094150582519,6.010428353246163
853,5.11358410799783,-9.933842931029464
854,4.824935204313353,4.922852759581916
855,-1.5159838542672213,-5.9562281896235465
856,0.48172901051341244,-5.73759476524905
857,4.167502308656165,4.9014579878577855
858,5.623685089180445,-9.840241466856256
859,-0.6714289282284621,-3.903445152523113
860,-0.5243545917305446,-3.4473251594566823
861,2.3783066222856606,4.78915634488032
862,5.314140394140759,-9.94714145995421
863,1.5967737311117634,3.9558148018673647
864,2.476136983847926,4.9679098631902185
865,4.990596951465885,-9.048692461064395
866,4.417424689679897,4.017977482563906
867,0.6933572256074868,-6.614347800898115
868,7.037870159328268,-9.34562174638073
869,4.5429518782411735,-8.426909441114407
870,2.262041096759719,5.906913285435623
871,-1.002690339238445,-4.073576439393268
872,1.219855595780755,4.004598578686109
873,5.260012172616459,-9.315388589393093
874,5.155164877369138,-8.971756827952332
875,5.228602747947758,-9.68043684465933
876,2.463528738243751,4.681393293100095
877,3.3343596631113446,5.599466062094166
878,3.211233346860013,5.171270446889427
879,1.0186165069562987,-4.5679788264145476
880,5.95560313314474,-10.481104849281571
881,4.4205480005001005,-9.25738564724007
882,-0.4169832537674612,-4.98275756787999
883,1.7453439110879003,-5.114819816806603
884,5.862598161867658,-9.622878894825003
885,5.262337574657519,-10.73377327721983
886,0.4971795766576238,-6.586685696558912
887,1.6391686310179254,5.656122848760292
888,-1.4565685964269843,-4.991264291587565
889,5.159911000304948,-9.756253810397011
890,5.946355176559833,-10.962836842050526
891,0.8085201546236137,-5.0918229705851825
892,5.745769286426143,-9.124058111140252
893,0.4814861936856619,-5.467536082732727
894,1.435652936095506,-3.911102798715061
895,-0.8559314621650883,-5.868567017168987
896,2.8688580204523655,6.134280174088164
897,2.9047869309968197,4.337385168733799
898,4.2942151276371785,-10.495907068619
899,0.5530350653865637,-4.890174017005332
